Map_Coordinates_upd;;;;;
Country;Map;X (mm), without bleed;Y (mm), without bleed;X (mm), with bleed;Y (mm), with bleed;German name
Iceland;EU;32;17;35;20;Island
Norway;EU;85;47;88;50;Norwegen
Sweden;EU;104;39;107;42;Schweden
Finland;EU;129;35;132;38;Finnland
Denmark;EU;86;77;89;80;Dänemark
United Kingdom;EU;50;76;53;79;Vereinigtes Königreich
Ireland;EU;33;81;36;84;Irland
Netherlands;EU;75;93;78;96;Niederlande
Belgium;EU;68;101;71;104;Belgien
Luxembourg;EU;74;109;77;112;Luxemburg
Germany;EU;96;99;99;102;Deutschland
France;EU;57;115;60;118;Frankreich
Switzerland;EU;79;123;82;126;Schweiz
Austria;EU;100;120;103;123;Österreich
Czechia;EU;100;109;103;112;Tschechien
Slovakia;EU;125;114;128;117;Slowakei
Poland;EU;114;93;117;96;Polen
Hungary;EU;127;120;130;123;Ungarn
Slovenia;EU;108;128;111;131;Slowenien
Croatia;EU;110;134;113;137;Kroatien
Bosnia and Herzegovina;EU;116;137;119;140;Bosnien und Herzegowina
Serbia;EU;122;136;125;139;Serbien
Montenegro;EU;122;150;125;153;Montenegro
Kosovo;EU;126;147;129;150;Kosovo
North Macedonia;EU;131;152;134;155;Nordmazedonien
Albania;EU;124;155;127;158;Albanien
Romania;EU;138;125;141;128;Rumänien
Moldova;EU;145;117;148;120;Republik Moldau
Bulgaria;EU;152;143;155;146;Bulgarien
Ukraine;EU;164;101;167;104;Ukraine
Belarus;EU;140;85;143;88;Belarus
Estonia;EU;134;59;137;62;Estland
Latvia;EU;136;69;139;72;Lettland
Lithuania;EU;122;79;125;82;Litauen
Portugal;EU;14;153;17;156;Portugal
Spain;EU;27;153;30;156;Spanien
Italy;EU;89;136;92;139;Italien
Greece;EU;133;160;136;163;Griechenland
Turkey;EU;166;156;169;159;Türkei
Cyprus;EU;184;177;187;180;Zypern
Russia;Asia;103;32;106;35;Russland
Kazakhstan;Asia;73;55;76;58;Kasachstan
Mongolia;Asia;121;61;124;64;Mongolei
Georgia;Asia;33;51;36;54;Georgien
Armenia;Asia;32;54;35;57;Armenien
Azerbaijan;Asia;36;54;39;57;Aserbaidschan
Syria;Asia;18;65;21;68;Syrien
Lebanon;Asia;14;67;17;70;Libanon
Israel;Asia;14;74;17;77;Israel
Jordan;Asia;17;75;20;78;Jordanien
Iraq;Asia;27;70;30;73;Irak
Saudi Arabia;Asia;22;95;25;98;Saudi-Arabien
Yemen;Asia;33;120;36;123;Jemen
Oman;Asia;53;109;56;112;Oman
UAE;Asia;51;104;54;107;Vereinigte Arabische Emirate
Kuwait;Asia;34;89;37;92;Kuwait
Qatar;Asia;41;100;44;103;Katar
Bahrain;Asia;39;98;42;101;Bahrain
Iran;Asia;46;76;49;79;Iran
Uzbekistan;Asia;58;64;61;67;Usbekistan
Turkmenistan;Asia;53;71;56;74;Turkmenistan
Kyrgyzstan;Asia;80;68;83;71;Kirgisistan
Tajikistan;Asia;72;73;75;76;Tadschikistan
Afganistan;Asia;67;80;70;83;Afghanistan
Pakistan;Asia;79;91;82;94;Pakistan
India;Asia;86;102;89;105;Indien
Sri Lanka;Asia;87;138;90;141;Sri Lanka
China;Asia;126;80;129;83;China
Nepal;Asia;94;95;97;98;Nepal
Bhutan;Asia;100;98;103;101;Bhutan
Bangladesh;Asia;101;102;104;105;Bangladesch
Myanmar;Asia;115;110;118;113;Myanmar
Laos;Asia;126;110;129;113;Laos
Thailand;Asia;118;117;121;120;Thailand
Cambodia;Asia;126;125;129;128;Kambodscha
Vietnam;Asia;131;125;134;128;Vietnam
Malaysia;Asia;142;143;145;146;Malaysia
Singapore;Asia;122;149;125;152;Singapur
Indonesia;Asia;137;153;140;156;Indonesien
Philippines;Asia;154;124;157;127;Philippinen
Taiwan;Asia;146;103;149;106;Taiwan
North Korea;Asia;152;63;155;66;Nordkorea
South Korea;Asia;150;74;153;77;Südkorea
Japan;Asia;169;77;172;80;Japan
Brunei;Asia;137;138;140;141;Brunei
Timor-Leste;Asia;161;174;164;177;Timor-Leste
Maldives;Asia;70;147;73;150;Malediven
Egypt;Africa;132;31;135;34;Ägypten
Morocco;Africa;43;18;46;21;Marokko
Algeria;Africa;63;27;66;30;Algerien
Tunisia;Africa;76;12;79;15;Tunesien
Libya;Africa;110;34;113;37;Libyen
Western Sahara;Africa;27;35;30;38;Westsahara
Mauritania;Africa;35;48;38;51;Mauretanien
Mali;Africa;51;56;54;59;Mali
Niger;Africa;86;54;89;57;Niger
Chad;Africa;111;60;114;63;Tschad
Sudan;Africa;146;60;149;63;Sudan
Eritrea;Africa;155;61;158;64;Eritrea
Djibouti;Africa;164;72;167;75;Dschibuti
Ethiopia;Africa;148;83;151;86;Äthiopien
Somalia;Africa;180;79;183;82;Somalia
Senegal;Africa;18;63;21;66;Senegal
The Gambia;Africa;16;71;19;74;Gambia
Guinea-Bissau;Africa;18;75;21;78;Guinea-Bissau
Guinea;Africa;33;78;36;81;Guinea
Sierra Leone;Africa;26;85;29;88;Sierra Leone
Liberia;Africa;30;86;33;89;Liberia
Cote d'Ivoire;Africa;41;80;44;83;Elfenbeinküste
Ghana;Africa;53;80;56;83;Ghana
Togo;Africa;58;80;61;83;Togo
Benin;Africa;64;76;67;79;Benin
Burkina Faso;Africa;54;69;57;72;Burkina Faso
Nigeria;Africa;70;76;73;79;Nigeria
Cameroon;Africa;91;85;94;88;Kamerun
Equatorial Guinea;Africa;81;100;84;103;Äquatorialguinea
Sao Tome and Principe;Africa;72;104;75;107;São Tomé und Príncipe
Gabon;Africa;86;103;89;106;Gabun
Congo;Africa;100;102;103;105;Kongo
Democratic Republic of the Congo;Africa;123;105;126;108;Demokratische Republik Kongo
Central African Republic;Africa;114;81;117;84;Zentralafrikanische Republik
South Sudan;Africa;124;85;127;88;Südsudan
Uganda;Africa;143;96;146;99;Uganda
Rwanda;Africa;135;105;138;108;Ruanda
Burundi;Africa;133;110;136;113;Burundi
Kenya;Africa;149;100;152;103;Kenia
Tanzania;Africa;142;115;145;118;Tansania
Angola;Africa;93;127;96;130;Angola
Zambia;Africa;121;134;124;137;Sambia
Malawi;Africa;139;132;142;135;Malawi
Mozambique;Africa;147;140;150;143;Mosambik
Zimbabwe;Africa;129;143;132;146;Simbabwe
Namibia;Africa;90;146;93;149;Namibia
Botswana;Africa;109;150;112;153;Botsuana
South Africa;Africa;103;173;106;176;Südafrika
Lesotho;Africa;125;168;128;171;Lesotho
Eswatini;Africa;131;161;134;164;Eswatini
Madagascar;Africa;174;140;177;143;Madagaskar
Comoros;Africa;167;122;170;125;Komoren
Seychelles;Africa;186;113;189;116;Seychellen
Mauritius;Africa;191;146;194;149;Mauritius
Reunion;Africa;183;148;186;151;Réunion
Canada;N.America;76;50;79;53;Kanada
United States;N.America;108;97;111;100;Vereinigte Staaten
Alaska (USA);N.America;42;19;45;22;Alaska (USA)
Hawaii (USA);N.America;30;148;33;151;Hawaii (USA)
Mexico;N.America;84;137;87;140;Mexiko
Greenland (Denmark);N.America;174;12;177;15;Grönland (Dänemark)
The Bahamas;N.America;135;138;138;141;Bahamas
Cuba;N.America;126;146;129;149;Kuba
Jamaica;N.America;135;158;138;161;Jamaika
Haiti;N.America;159;157;162;160;Haiti
Dominican Republic;N.America;163;158;166;161;Dominikanische Republik
Puerto Rico (USA);N.America;172;161;175;164;Puerto Rico (USA)
Belize;N.America;108;158;111;161;Belize
Guatemala;N.America;105;163;108;166;Guatemala
El Salvador;N.America;108;167;111;170;El Salvador
Honduras;N.America;114;163;117;166;Honduras
Nicaragua;N.America;116;170;119;173;Nicaragua
Costa Rica;N.America;116;176;119;179;Costa Rica
Panama;N.America;122;180;125;183;Panama
Peru;S.America;55;58;58;61;Peru
Colombia;S.America;56;15;59;18;Kolumbien
Venezuela;S.America;91;12;94;15;Venezuela
Ecuador;S.America;43;33;46;36;Ecuador
Guyana;S.America;100;13;103;16;Guyana
Suriname;S.America;114;17;117;20;Suriname
French Guiana (France);S.America;123;23;126;26;Französisch-Guayana (Frankreich)
Trinidad & Tobago;S.America;93;6;96;9;Trinidad und Tobago
Brazil;S.America;124;60;127;63;Brasilien
Bolivia;S.America;84;77;87;80;Bolivien
Paraguay;S.America;98;94;101;97;Paraguay
Chile;S.America;66;134;69;137;Chile
Argentina;S.America;86;137;89;140;Argentinien
Uruguay;S.America;109;125;112;128;Uruguay
Australia;Oceania;48;91;51;94;Australien
Papua New Guinea;Oceania;65;41;68;44;Papua-Neuguinea
Solomon Islands;Oceania;104;41;107;44;Salomonen
New Caledonia (France);Oceania;118;105;121;108;Neukaledonien (Frankreich)
Fiji;Oceania;136;85;139;88;Fidschi
New Zealand;Oceania;150;141;153;144;Neuseeland
Samoa;Oceania;173;69;176;72;Samoa
Tonga;Oceania;177;110;180;113;Tonga
